DESI_RA,DESI_DEC,DESI_GLON,DESI_GLAT,DESI_BRICKNAME,DESI_BRICKID,DESI_BRICKQ,PGC_ID,1PGC,T17,Vcmb,DM,eDM,DMsnIa,eDMsn1,DMtf,eDMtf,DMfp,eDMfp,DMsbf,eDMsbf,DMsnII,eDMsn2,DMtrgb,eDMt,DMcep,eDMcep,DMmas,eDMmas,RA,DE,glon,glat,sgl,sgb,SGX,SGY,SGZ,separation_arcsec,diff_glon,diff_glat,match_score,approx_distance,x,y,z
115.30188679245283,42.75,176.36111303670907,26.765007063193863,1153p427,555273,3,21577.0,21577.0,13347.0,10862.0,35.039,0.48,,,,,35.039,0.48,,,,,,,,,,,115.302,42.7494,176.3618,26.765,36.2824,-30.5845,74.76,54.88,-54.81,2.1806338607402584,0.0006869632909172,7.063193862677508e-06,0.0370379241637842,155.17142857142858,-48.69973209003061,103.01577255889552,105.3292881555321
201.80672268907563,8.0,328.48043436868323,69.07735805484907,2018p080,377138,0,1336387.0,3091611.0,59916.0,15366.0,37.189,0.52,,,,,37.189,0.52,,,,,,,,,,,201.8067,7.9993,328.4795,69.0768,110.8349,9.8585,-53.97,141.83,26.37,2.521297784401686,0.0009343686832608,0.0005580548490655,0.0435140532723544,219.5142857142857,-201.82328586592382,-80.75093259516281,30.547828072485352
55.71428571428572,16.0,172.01680830244717,-30.09742161930014,0557p160,421660,0,13639.0,1479736.0,0.0,9105.0,35.613,0.39,,,35.613,0.39,,,,,,,,,,,,,55.7139,15.9992,172.0171,-30.0982,328.0265,-32.9618,61.88,-38.63,-47.3,3.174278845121864,0.0002916975528535,0.0007783806998595,0.0539747256714108,130.07142857142858,70.43439514646462,103.30678938386714,35.85079884969439
219.3178519593614,17.25,16.444048315899078,63.6563514404365,2193p172,429195,3,1528259.0,1528259.0,0.0,22789.0,37.459,0.52,,,,,37.459,0.52,,,,,,,,,,,219.3189,17.2499,16.4448,63.6555,105.0396,28.4907,-51.07,190.07,106.82,3.6211791000032414,0.0007516841009227,0.0008514404364987,0.0619561095374755,325.5571428571429,-240.5325755494536,-197.00616604082504,96.54068524071812
166.76950998185117,40.25,174.9065264676268,64.77962710573708,1667p402,544606,2,3088011.0,3088011.0,0.0,10322.0,36.059,0.48,,,,,36.059,0.48,,,,,,,,,,,166.7692,40.249,174.9091,64.7799,69.9895,-9.1173,34.6,95.02,-16.23,3.6993828589458206,0.0025735323731908,0.0002728942629204,0.0645028076185415,147.45714285714286,-109.5583290849156,25.758816204112858,95.27363169038905
145.375,-1.25,236.8925586792301,36.2531939995736,1453m012,323749,3,1123264.0,1123264.0,0.0,20409.0,37.029,0.5,,,,,37.029,0.5,,,,,,,,,,,145.3742,-1.2493,236.8912,36.2529,101.1737,-46.5001,-26.8,135.68,-145.74,3.826337020464897,0.0013586792301225,0.0002939995735999,0.0654249624781375,291.5571428571429,-239.85968337087115,165.62756986592825,-6.356724357158351
211.32102272727272,12.25,355.8563693262486,67.17802910494127,2113p122,401292,2,1406237.0,1406237.0,0.0,18343.0,37.079,0.5,,,,,37.079,0.5,,,,,,,,,,,211.3202,12.2492,355.8533,67.1781,108.8458,19.9598,-54.92,160.9,61.74,4.083119634902423,0.0030693262486352,7.089505872670543e-05,0.0711922152224023,262.04285714285714,-218.76051450128304,-133.11413713725065,55.5960679268867
167.73876404494382,9.0,245.57006050359124,60.13713209894124,1677p090,382705,1,3767045.0,3767045.0,27041.0,21838.0,37.559,0.53,,,,,37.559,0.53,,,,,,,,,,,167.7384,8.9988,245.5716,60.1361,99.6575,-22.005,-33.4,196.28,-80.46,4.509761168776365,0.0015394964087533,0.0010320989412377,0.0777342814962639,311.9714285714286,-301.1025072572521,65.43960011795637,48.79663005471161
136.87089715536106,50.75,167.74911251863622,41.91944939727408,1368p507,587009,3,2381171.0,25600.0,2726.0,11051.0,35.169,0.43,,,,,35.169,0.43,,,,,,,,,,,136.8688,50.7503,167.749,41.9182,47.6983,-17.4862,72.95,80.17,-34.15,4.897327176753917,0.0001125186362287,0.0012493972740799,0.0829840355228739,157.87142857142857,-72.8954150967642,68.28881585436146,122.25499599715025
231.56985871271584,28.0,43.56428659081482,55.817746048648445,2315p280,486397,1,1823544.0,1823544.0,0.0,23888.0,37.389,0.52,,,,,37.389,0.52,,,,,,,,,,,231.5685,27.9992,43.5624,55.8188,92.8084,40.4084,-8.75,178.37,152.03,5.191025095760211,0.00188659081482,0.0010539513515581,0.089457627095715,341.25714285714287,-187.2905722167991,-236.03519883617562,160.20631704178024
160.66856330014224,12.75,232.0344877849831,56.64082388373257,1606p127,403909,3,3538438.0,3538438.0,0.0,19189.0,38.079,0.53,,,,,38.079,0.53,,,,,,,,,,,160.6665,12.7497,232.0332,56.639,92.8742,-26.9247,-8.45,168.38,-85.62,7.324788059378493,0.0012877849831056,0.0018238837325696,0.1251914697053169,274.12857142857143,-252.29189003627485,88.5169989466112,60.49807263772307
226.94019471488176,3.5,2.954171667072643,49.78206533136189,2269p035,351432,0,3124325.0,3124325.0,41164.0,27923.0,38.069,0.48,,,,,38.069,0.48,,,,,,,,,,,226.9422,3.4996,2.9556,49.7804,122.5434,32.8531,-123.49,193.52,148.25,7.348043174848284,0.001428332927357,0.0016653313618917,0.1255610505367201,398.9,-271.8354526077275,-290.9188879989417,24.349482766808176
10.368663594470046,25.5,120.10482106069098,-37.31705039732349,0103p255,472719,1,2479.0,2479.0,0.0,4228.0,33.813,0.39,,,33.813,0.39,,,,,,,,,,,,,10.3662,25.4997,120.1021,-37.3173,320.3882,9.6661,32.01,-26.49,7.08,8.07751086788547,0.0027210606909875,0.0002496026765115,0.1375958444989235,60.4,53.6264611298986,9.80959990785162,26.002584800964534
229.7632311977716,4.5,6.800134396846689,48.18117972138623,2297p045,357194,0,3844130.0,54666.0,4472.0,10838.0,36.069,0.52,,,,,36.069,0.52,,,,,,,,,,,229.7612,4.499,6.7969,48.1823,122.3383,35.8327,-48.73,76.97,65.78,8.13024155909446,0.0032343968466888,0.0011202786137687,0.1398587014453652,154.82857142857142,-99.7071742757542,-117.82556819541836,12.145015767113588
193.0791366906475,15.5,303.98197541195924,78.36995615682565,1930p155,419413,1,3090637.0,3090637.0,9467.0,26148.0,37.369,0.52,,,,,37.369,0.52,,,,,,,,,,,193.0778,15.4982,303.9754,78.3682,101.3328,3.52,-50.26,250.79,15.73,7.968251546437729,0.0065754119592611,0.0017561568256496,0.1411357612255396,373.54285714285714,-350.6243722371361,-81.44964935660127,99.81367809799377
208.1151832460733,37.5,75.65420793219852,73.49179995695076,2081p375,532372,0,2102297.0,2106461.0,46894.0,18722.0,37.479,0.45,,,,,37.479,0.45,,,,,,,,,,,208.1148,37.5022,75.6612,73.4909,81.7194,20.7473,24.86,170.79,65.38,7.995277765553521,0.0069920678014767,0.0008999569507608,0.1411466541781296,267.45714285714286,-187.14541440966332,-99.98847728394713,162.82573979926852
118.20116054158608,44.25,175.1947460429731,29.13359133885606,1182p442,561573,3,2240040.0,2240040.0,4006.0,20474.0,37.089,0.44,,,,,37.089,0.44,,,,,,,,,,,118.1979,44.2497,175.1946,29.1313,38.193,-28.609,139.07,109.41,-96.51,8.477016881750068,0.000146042973057,0.002291338856061,0.1437209965249525,292.48571428571427,-98.99694354474659,184.6447693838947,204.09264408398235
245.49167927382757,23.5,40.82813520573556,42.62383390144296,2454p235,463073,1,4122269.0,1702369.0,19759.0,19212.0,37.189,0.54,,,,,37.189,0.54,,,,,,,,,,,245.4918,23.4976,40.825,42.6231,98.0559,53.2381,-16.29,115.08,155.58,8.649188333339145,0.0031352057355604,0.0007339014429561,0.1480222460675024,274.45714285714286,-104.41035034012666,-229.02073874829742,109.4289871576185
192.66016713091923,4.75,302.4102240637234,67.62094000418789,1926p047,358482,2,3797076.0,43605.0,0.0,20039.0,37.889,0.52,,,,,37.889,0.52,,,,,,,,,,,192.6588,4.752,302.4067,67.6229,111.5797,0.2345,-72.02,182.09,0.8,8.711869936533573,0.0035240637233755,0.0019599958121148,0.1506818918110499,286.27142857142854,-278.352744005611,-62.51921206908169,23.71558228537737
149.22492401215806,24.25,207.0665073745187,50.76680031052509,1492p242,466677,3,1703070.0,1703089.0,38862.0,25285.0,37.399,0.49,,,,,37.399,0.49,,,,,,,,,,,149.2266,24.252,207.0642,50.7688,75.2761,-30.2831,54.42,207.1,-125.05,9.061035737733024,0.0023073745186934,0.001999689474907,0.1553243262891508,361.2142857142857,-282.96493052410193,168.50295029349942,148.36901307199642
163.625,-1.0,253.1813036204593,50.2240836585121,1636m010,325262,0,3107757.0,1132515.0,58470.0,22490.0,37.259,0.48,,,,,37.259,0.48,,,,,,,,,,,163.6252,-0.9974,253.1789,50.2262,108.6071,-29.1985,-61.57,182.87,-107.84,9.387643075476175,0.0024036204592619,0.0021163414878984,0.1609806798717632,321.2857142857143,-308.2070383357844,90.56298469107402,-5.5926315997247675
102.5193199381762,-26.25,236.4984723731336,-11.912362296327206,1025m262,184670,2,76117.0,76117.0,0.0,15087.0,37.029,0.61,,,,,37.029,0.61,,,,,,,,,,,102.5179,-26.2523,236.5001,-11.9144,212.484,-79.3939,-23.16,-14.74,-146.6,9.464495125290954,0.0016276268664228,0.0020377036727943,0.161406915960733,215.52857142857144,-41.89627266165165,188.7028627568963,-95.33360911270131
42.92307692307692,-7.25,183.60642293704905,-55.24973377839429,0429m072,288866,2,175557.0,175557.0,0.0,13166.0,36.509,0.74,,,,,36.509,0.74,,,,,,,,,,,42.9232,-7.2526,183.6103,-55.2511,297.0706,-29.9745,51.39,-100.54,-65.12,9.37031426697376,0.003877062950977,0.0013662216057142,0.1614151890062539,188.0857142857143,136.6270608941907,127.06483323205804,-23.74469004834013
45.875,-2.25,180.41194974170492,-49.782774575192576,0458m022,317591,3,11516.0,11516.0,0.0,5802.0,33.459,0.54,,,,,33.459,0.54,,,,,,,,,,,45.8772,-2.2483,180.4122,-49.78,303.5961,-31.4737,27.26,-41.04,-30.16,10.004208650079809,0.0002502582950683,0.0027745751925749,0.1697616443223067,82.88571428571429,57.66048951132521,59.453650401850275,-3.2516204978417926
140.688202247191,8.75,223.1711288041641,37.50607800295138,1406p087,381174,2,3457104.0,26539.0,59305.0,9854.0,35.349,0.49,,,,,35.349,0.49,,,,,,,,,,,140.6862,8.7479,223.1724,37.5034,85.2048,-46.0018,5.68,67.7,-70.36,10.387881984045146,0.0012711958358693,0.0026780029513773,0.177080565187999,140.77142857142857,-107.64613656758733,88.15064686459324,21.409526885639746
241.91379310344828,36.5,58.3983054859458,47.7379949246356,2419p365,527871,1,2081676.0,2081676.0,42999.0,24696.0,37.469,0.53,,,,,37.469,0.53,,,,,,,,,,,241.9104,36.499,58.3967,47.7408,79.02,47.5215,31.17,160.64,178.71,10.458437678208597,0.0016054859457952,0.0028050753643995,0.1787178559470047,352.8,-133.53561201559563,-250.1992706738738,209.84852936792754
220.125,2.5,354.27430296135134,54.11948453607592,2201p025,345648,0,1228975.0,52441.0,84463.0,8426.0,35.639,0.49,,,,,35.639,0.49,,,,,,,,,,,220.124,2.5028,354.2762,54.1223,121.4373,26.0393,-38.28,62.62,35.86,10.702416270805903,0.0018970386486785,0.0028154639240867,0.183086107086197,120.37142857142857,-91.95439620943594,-77.49864542312365,5.256404823218646
210.41284403669724,25.0,29.186498207391395,74.10221567027025,2104p250,470834,0,1722484.0,1722086.0,21923.0,23119.0,37.319,0.45,,,,,37.319,0.45,,,,,,,,,,,210.416,25.0007,29.1909,74.0996,95.2667,21.3817,-19.41,210.59,82.8,10.600836454464762,0.0044017926086041,0.0026156702702593,0.1836980704532762,330.27142857142854,-258.13033955125167,-151.54108227103606,139.58239401117467
245.1152073732719,25.5,43.34927239153532,43.47442125314655,2451p255,473568,0,3864014.0,3864014.0,0.0,20827.0,36.649,0.49,,,,,36.649,0.49,,,,,,,,,,,245.1141,25.4971,43.345,43.4747,94.8191,52.6769,-10.44,123.84,163.0,11.042686503322248,0.0042723915353235,0.0002787468534464,0.1885959134441407,297.5285714285714,-113.00980589404503,-243.61575174871044,128.07575917412112
190.9357541899441,6.5,297.51984349036627,69.29084818577097,1909p065,368515,1,1301973.0,1302006.0,28013.0,21037.0,37.399,0.47,,,,,37.399,0.47,,,,,,,,,,,190.9375,6.5025,297.5243,69.2934,109.4283,-0.9361,-68.85,195.19,-3.38,10.954167442400184,0.0044565096337123,0.0025518142290366,0.1895777812360853,300.5285714285714,-293.17118531656,-56.65489246883052,34.0338288226055
163.14949201741655,17.0,226.9728862596929,60.75461808128993,1631p170,427602,0,1522097.0,1522097.0,13326.0,28851.0,37.999,0.54,,,,,37.999,0.54,,,,,,,,,,,163.1469,16.998,226.9746,60.7516,89.7902,-22.9277,0.95,259.86,-109.92,11.466047857665885,0.0017137403071103,0.0030180812899232,0.1958326192247983,412.15714285714284,-377.223692886273,114.27212154016179,120.48932804243073
217.0862068965517,36.5,63.53733889334747,67.46482215481032,2170p365,527791,1,2081660.0,51807.0,21560.0,8927.0,36.669,0.52,,,,,36.669,0.52,,,,,,,,,,,217.0893,36.4981,63.5305,67.4631,83.0685,27.8768,9.46,77.81,41.46,11.265410955833286,0.0068388933474636,0.0017221548103236,0.1963178974216754,127.52857142857142,-81.77764414806772,-61.8239426226873,75.85350068909752
228.8716502115656,10.25,13.457983386503638,52.14390071576448,2288p102,390051,3,3842944.0,3091332.0,11118.0,17292.0,37.089,0.44,,,,,37.089,0.44,,,,,,,,,,,228.8692,10.2479,13.453,52.1448,115.169,36.3753,-57.32,121.98,99.28,11.510703650607612,0.004983386503639,0.0008992842355226,0.1977277315826219,247.02857142857144,-159.89833679177477,-183.09612244085957,43.94823023042843
338.61516034985425,18.0,82.74121187619755,-33.9721586940905,3386p180,433774,0,1547513.0,1547513.0,0.0,2778.0,33.273,0.64,,,33.273,0.64,,,,,,,,,,,,,338.613,18.0026,82.7411,-33.9688,307.3178,37.6362,13.31,-17.46,16.93,11.929739378992853,0.0001118761975504,0.003358694090501,0.2022995599379324,39.68571428571428,35.14377778020092,-13.763498211219389,12.265272874786115
91.94352159468438,-33.5,240.0436883375339,-23.092341527418032,0919m335,148397,1,18447.0,18530.0,0.0,14939.0,37.159,0.98,,,,,37.159,0.98,,,,,,,,,,,91.9416,-33.5029,240.0462,-23.0947,235.2598,-69.2544,-29.81,-42.99,-138.12,11.927669540112522,0.0025116624661336,0.0023584725819674,0.2036646273833097,213.4142857142857,-6.029336662819825,177.85501611958344,-117.80024485308962
40.93502377179081,-29.0,223.8754884074199,-65.21268012145794,0409m290,170403,1,10330.0,10488.0,0.0,1280.0,31.893,0.4,,,31.893,0.4,,,,,,,,,,,,,40.9347,-29.0033,223.8835,-65.2131,271.7055,-31.0553,0.33,-10.95,-6.6,11.923658012971702,0.0080115925800896,0.0004198785420612,0.2071591046716792,18.285714285714285,12.081669664379948,10.478284610520776,-8.866011317413276
221.88253012048196,23.0,30.459823062124794,63.448021916243896,2218p230,460336,0,1679718.0,1679718.0,0.0,14242.0,36.443,0.4,,,36.443,0.4,,,,,,,,,,,,,221.8845,23.0029,30.4671,63.447,98.775,31.5729,-18.31,118.62,73.76,12.312803645837988,0.0072769378752042,0.0010219162438929,0.2135122482163969,203.45714285714286,-139.427948121429,-125.03347483113207,79.50651818494259
232.2,25.75,39.82402432290473,54.89099606342248,2322p257,474822,2,55198.0,55213.0,0.0,10358.0,35.913,0.41,,,35.913,0.41,,,,,,,,,,,,,232.197,25.7478,39.8192,54.8933,95.7511,41.0491,-7.77,77.11,67.49,12.54405062462472,0.0048243229047244,0.002303936577519,0.2161957698926555,147.97142857142856,-81.69381114924158,-105.3076407697301,64.28036783416005
150.41739130434783,37.25,186.17412553728605,53.01555180750297,1504p372,531040,2,29034.0,29034.0,0.0,1820.0,32.893,0.5,,,32.893,0.5,,,,,,,,,,,,,150.4207,37.2477,186.1778,53.0184,64.8493,-21.2223,7.2,15.34,-6.58,12.588030400669927,0.0036744627139455,0.0028481924970265,0.2163231618888041,26.0,-17.999353828791826,10.216456431202904,15.736812883658809
132.48108925869894,23.5,202.40121609623145,35.81942015542029,1324p235,462658,0,1688409.0,1688409.0,0.0,25811.0,37.429,0.51,,,,,37.429,0.51,,,,,,,,,,,132.4782,23.4976,202.4032,35.8163,62.6792,-41.7771,86.6,167.64,-168.57,12.870004597152995,0.0019839037685756,0.0031201554202908,0.219604135808083,368.72857142857146,-228.3575813807142,249.39901195728274,147.01601017724815
316.79447852760734,-25.25,21.671308563730825,-40.08144009071764,3167m252,190641,3,85127.0,3442281.0,0.0,11331.0,35.893,0.39,,,35.893,0.39,,,,,,,,,,,,,316.7967,-25.253,21.6681,-40.084,245.1321,37.9033,-36.54,-78.83,67.65,12.99838011847818,0.0032085637308263,0.0025599092823682,0.2224081416544976,161.87142857142857,106.71656932011662,-100.22509621750262,-69.05695698835986
222.3903818953324,11.25,8.906005345099826,58.043310127578025,2223p112,395691,3,52947.0,52883.0,6038.0,16600.0,36.459,0.5,,,,,36.459,0.5,,,,,,,,,,,222.3939,11.2483,8.9069,58.0395,112.4302,30.3545,-52.7,127.68,80.89,13.847631474438373,0.0008946549001738,0.0038101275780277,0.2354986403855078,237.14285714285714,-171.77224900670046,-156.81608459854357,46.2573753712861
90.0,-39.25,245.6227650600824,-26.22467641081488,0900m392,121689,3,178822.0,18204.0,0.0,13489.0,37.069,0.74,,,,,37.069,0.74,,,,,,,,,,,90.0021,-39.2465,245.6195,-26.2222,230.8757,-63.5634,-39.33,-48.35,-125.36,13.893732693456723,0.0032650600823842,0.0024764108148787,0.237303682454875,192.7,-0.005469671827315672,149.23290994648366,-121.91320092175165
116.04133545310016,29.25,190.8786788285637,23.57073672109288,1160p292,492321,3,21673.0,21673.0,0.0,4931.0,34.063,0.41,,,34.063,0.41,,,,,,,,,,,,,116.0384,29.2471,190.8808,23.5675,41.28,-43.505,26.78,23.51,-33.82,13.92868954991628,0.0021211714362721,0.0032367210928789,0.237502718361089,70.44285714285714,-26.980559429546336,55.224376790326176,34.416765441246525
83.35051546391753,-36.25,240.88949093766345,-30.618235810513852,0833m362,135353,3,639069.0,17443.0,0.0,13755.0,36.269,0.54,,,,,36.269,0.54,,,,,,,,,,,83.3487,-36.2464,240.885,-30.6188,244.0965,-62.5889,-28.26,-58.19,-124.74,13.990807456861138,0.004490937663462,0.0005641894861447,0.2382352514306258,196.5,18.355453840843786,157.40705135025462,-116.18238893874991
128.08318264014466,40.0,181.5195470974301,35.70694665761615,1280p400,543383,1,3449312.0,3449312.0,36972.0,17070.0,36.589,0.51,,,,,36.589,0.51,,,,,,,,,,,128.0877,39.998,181.5226,35.7101,47.7955,-29.862,98.16,108.24,-83.89,14.38892575142078,0.0030529025698911,0.0031533423838467,0.2460216741440842,243.85714285714286,-115.23745354254869,147.03276650179046,156.74182912773438
255.79734219269105,33.5,56.12881648516112,36.10873896133364,2557p335,513737,1,3412111.0,140677.0,322.0,25202.0,37.929,0.54,,,,,37.929,0.54,,,,,,,,,,,255.7925,33.4999,56.1276,36.1128,76.1236,59.1449,31.85,128.92,222.29,14.540674540438452,0.0012164851611231,0.0040610386663573,0.2476220995014547,360.0285714285714,-73.68503371558184,-291.04021441943223,198.7125603526925
175.5863539445629,49.5,149.0125283431077,63.98328062283092,1755p495,582473,1,2344962.0,2344962.0,0.0,19929.0,37.599,0.52,,,,,37.599,0.52,,,,,,,,,,,175.5843,49.5038,149.0097,63.9795,64.5517,0.6275,84.33,177.22,2.15,14.49831868127598,0.0028283431076943,0.0037806228309165,0.2482476106265438,284.7,-184.3347098706997,14.23459383109515,216.4998408206082
137.76073619631902,63.25,151.52288960180528,39.52260759727048,1377p632,626361,3,2652276.0,2652276.0,11492.0,27585.0,37.729,0.54,,,,,37.729,0.54,,,,,,,,,,,137.7644,63.2463,151.5268,39.5254,41.1379,-6.7448,201.97,176.42,-31.72,14.58323872476388,0.0039103981947334,0.0027924027295185,0.2497567796703166,394.07142857142856,-131.33997529166584,119.24060315310555,351.88603306524504
220.1808066759388,3.25,355.24445419585624,54.61565107205656,2201p032,349967,3,52442.0,2800989.0,6372.0,9409.0,34.909,0.46,,,,,34.909,0.46,,,,,,,,,,,220.1814,3.254,355.2499,54.6181,120.6509,26.3028,-42.7,72.05,41.4,14.557048864178068,0.0054458041437897,0.0024489279434405,0.2505122131568646,134.4142857142857,-102.52768551731947,-86.5855747073054,7.629689321912606
334.21441774491683,41.5,94.2925343014676,-12.618618277042712,3342p415,550570,0,68482.0,68482.0,0.0,3918.0,33.513,0.4,,,33.513,0.4,,,,,,,,,,,,,334.2104,41.5028,94.2916,-12.6145,337.8311,39.6742,27.84,-11.35,24.94,14.796994034941006,0.000934301467609,0.0041182770427123,0.2516691457593382,55.97142857142857,37.74315152491967,-18.237301146482533,37.0898392580231
227.125,-0.25,358.86500188493926,47.182532318071466,2271m002,329836,2,1148170.0,140475.0,2393.0,28672.0,38.069,0.56,,,,,38.069,0.56,,,,,,,,,,,227.1279,-0.2471,358.8709,47.1825,126.8384,31.896,-135.8,181.28,140.96,14.76432013020832,0.0058981150607451,3.2318071468750986e-05,0.2520024353023525,409.6,-278.6745350600779,-300.18251624237456,-1.7664799591159122
199.3943661971831,9.75,323.70079499101666,71.55988917371361,1993p097,387096,2,3805498.0,46148.0,73124.0,15940.0,36.969,0.51,,,,,36.969,0.51,,,,,,,,,,,199.3982,9.7513,323.7132,71.5599,108.5097,7.9995,-50.16,149.84,22.21,14.38489882570699,0.0124050089833076,1.0826286384713056e-05,0.2521641490314755,227.71428571428572,-211.68444446129962,-74.53838559127027,38.56839334125072
82.9064039408867,-73.75,284.9602195751451,-31.51714788050394,0829m737,13333,3,17397.0,17397.0,0.0,4429.0,33.913,0.39,,,33.913,0.39,,,,,,,,,,,,,82.9212,-73.75,284.9593,-31.513,213.1019,-30.7771,-31.77,-20.71,-22.59,14.905319841408971,0.0009195751451329,0.0041478805039396,0.2534894530058888,63.27142857142857,2.181885569914395,17.570225563961568,-60.74372578678969
190.297176820208,21.0,281.500835843892,83.4409787997616,1902p210,449523,1,5076998.0,5076998.0,0.0,7144.0,34.233,0.68,,,34.233,0.68,,,,,,,,,,,,,190.2959,20.996,281.5033,83.4367,95.3196,2.4529,-6.58,70.68,3.04,15.025822254031809,0.0024641561080329,0.0042787997615931,0.2571733267701562,102.05714285714286,-93.74687155761012,-17.02976412478403,36.567357235360014
189.2474674384949,16.5,284.7174339249127,78.85744581164961,1892p165,424942,0,3792498.0,3792498.0,1417.0,24101.0,36.259,0.5,,,,,36.259,0.5,,,,,,,,,,,189.2516,16.4996,284.7372,78.8582,99.3658,0.2541,-38.5,233.43,1.05,14.337087493310465,0.0197660750872614,0.0007541883503847,0.2594717216594873,344.3,-325.8280458066989,-53.07380711583206,97.78417849539444
139.95,33.75,191.0930871717204,44.39541146399117,1399p337,514552,2,26377.0,26377.0,4245.0,6991.0,34.892,0.19,34.892,0.19,,,,,,,,,,,,,,,139.9449,33.7496,191.0931,44.3912,60.8704,-29.7068,29.26,52.5,-34.29,15.333583717327745,1.2828279608356752e-05,0.0042114639911687,0.2597840208929062,99.87142857142857,-63.56131055358169,53.43851949153684,55.48501311310776
157.125,1.25,243.9172658014265,47.07176178111276,1571p012,338196,2,1189082.0,1189082.0,0.0,7070.0,35.303,0.56,,,35.303,0.56,,,,,,,,,,,,,157.1207,1.2498,243.9134,47.0684,103.634,-34.6362,-13.64,56.23,-39.97,15.493055887094256,0.0038658014265422,0.0033617811127655,0.2654451806575453,101.0,-93.0317816391075,39.25856100668613,2.20295091586725
175.625,-2.25,270.73131115783787,56.25010617273221,1756m022,318110,2,36358.0,36444.0,0.0,14577.0,36.389,0.59,,,,,36.389,0.59,,,,,,,,,,,175.629,-2.2516,270.739,56.2507,113.6565,-18.0519,-53.27,121.6,-43.27,15.498960027839452,0.0076888421621106,0.0005938272677923,0.2665986698938938,208.24285714285713,-207.47686506831195,15.858843587344905,-8.181386955646122
252.38805970149252,33.25,55.16274055922069,38.86193752843271,2523p332,512521,3,3502069.0,3502058.0,34274.0,25516.0,37.999,0.49,,,,,37.999,0.49,,,,,,,,,,,252.3847,33.2533,55.1663,38.8653,78.9081,56.7006,26.43,134.79,209.11,15.60256686410396,0.0035594407793055,0.0033624715672857,0.2669646934149907,364.51428571428573,-92.24801377630824,-290.53337987521536,199.87827201175668
202.9646017699115,20.0,357.46862223270256,78.32112846772269,2029p200,444168,0,47577.0,47577.0,0.0,1293.0,29.853,0.56,,,29.853,0.56,,,,,,,,,,,,,202.969,20.0011,357.4857,78.3186,99.1719,13.737,-2.0,12.39,3.07,15.396657652487397,0.0170777672974509,0.0025284677226835,0.2762171958949244,18.47142857142857,-15.981186345807357,-6.773408880779928,6.317933885673373
350.125,-1.0,79.27528595716501,-55.96277260136928,3501m010,326008,0,71131.0,71039.0,0.0,8956.0,35.469,0.54,,,,,35.469,0.54,,,,,,,,,,,350.1213,-1.0025,79.2673,-55.9624,288.6573,22.4022,26.31,-77.92,33.9,16.073836640080447,0.0079859571650047,0.0003726013692713,0.2762558358689501,127.94285714285714,126.02657711058116,-21.94688376997632,-2.2384924515050093
47.74390243902439,-77.0,293.6014512274893,-37.48297007807965,0477m770,8551,1,238027.0,239102.0,0.0,15741.0,36.189,0.65,,,,,36.189,0.65,,,,,,,,,,,47.7624,-77.0017,293.5988,-37.4789,218.1051,-22.6385,-111.39,-87.36,-59.04,16.18081951720061,0.0026512274893661,0.0040700780796498,0.2764016308556929,224.87142857142857,33.99924409592962,37.446528854192,-219.10948921813645
239.69653179190752,16.25,28.81358721092989,45.40555758066697,2396p162,423753,3,3857042.0,56962.0,2305.0,11433.0,36.279,0.53,,,,,36.279,0.53,,,,,,,,,,,239.6997,16.2534,28.8197,45.4041,109.3945,47.7285,-24.58,69.83,81.44,16.42302480371886,0.0061127890701122,0.0014575806669725,0.2812874497990658,163.32857142857142,-79.11107355892348,-135.3807496022569,45.71337793670001
40.93596059113301,32.5,148.83091071275248,-24.662785917949822,0409p325,508172,0,10331.0,10302.0,0.0,3937.0,34.053,0.39,,,34.053,0.39,,,,,,,,,,,,,40.934,32.4957,148.8314,-24.6673,336.0858,-13.0276,41.91,-18.58,-10.61,16.5851591327,0.0004892872475181,0.0045140820501785,0.28142268817603,56.24285714285714,35.83699332609734,31.08021966950108,30.215705092429154
191.21451104100947,28.5,169.23609058390196,88.00043548084535,1912p285,488795,1,42953.0,44715.0,0.0,7623.0,34.843,0.41,,,34.843,0.41,,,,,,,,,,,,,191.2134,28.5036,169.1806,87.9974,88.2911,5.2618,2.11,70.84,6.53,13.428206564811909,0.0554905839019568,0.0030354808453552,0.2823295074941772,108.9,-93.8729785247964,-18.610166545628257,51.968602098065865
244.41624365482232,35.0,56.37762392347424,45.627742767737146,2444p350,520854,0,57748.0,57728.0,12171.0,8983.0,35.699,0.5,,,,,35.699,0.5,,,,,,,,,,,244.4188,35.0041,56.3837,45.626,80.2014,49.9239,9.97,57.72,69.61,16.573597895401644,0.0060760765257583,0.0017427677371486,0.2840454758529344,128.32857142857142,-45.387734980128506,-94.81133424163083,73.61376676677631
32.82722513089005,37.5,140.01091651980082,-22.708565274532656,0328p375,531814,0,8372.0,8372.0,0.0,4310.0,33.723,0.4,,,33.723,0.4,,,,,,,,,,,,,32.8222,37.4972,140.0078,-22.7125,337.6382,-4.8587,39.42,-16.22,-3.62,17.538469850620594,0.0031165198008125,0.0039347254673423,0.2993590761118314,61.57142857142857,41.05119554644397,26.478207727975555,37.47992363984117
342.26039783001806,40.0,98.85688742654928,-17.08159451694549,3422p400,544041,1,69783.0,69783.0,0.0,6419.0,34.253,0.45,,,34.253,0.45,,,,,,,,,,,,,342.2667,40.0012,98.8618,-17.0828,334.4559,34.0007,47.78,-22.84,35.72,17.908574794243354,0.00491257345071,0.0012054830545089,0.3045943030759416,91.7,66.90732095252359,-21.395704589342326,58.945095029880065
181.027397260274,52.75,138.74254233248698,62.901214481578215,1810p527,594280,2,3401794.0,3401794.0,0.0,24156.0,37.369,0.54,,,,,37.369,0.54,,,,,,,,,,,181.0325,52.7538,138.7332,62.8991,62.7952,5.0039,107.99,210.08,20.68,17.628599079550845,0.0093423324869661,0.0021144815782179,0.3052667987243648,345.0857142857143,-208.8261780758129,-3.763564665138666,274.7027723473897
231.2116564417178,25.25,38.65243524822406,55.66591883517414,2312p252,472215,3,1730225.0,1730225.0,29320.0,23928.0,37.109,0.47,,,,,37.109,0.47,,,,,,,,,,,231.2169,25.2516,38.6569,55.6616,96.4208,40.1715,-20.07,178.38,151.54,18.01857006504482,0.0044647517759415,0.0043188351741392,0.3090930880341611,341.8285714285714,-193.65260070970035,-241.00079248132292,145.82201653605554
179.86627043090638,21.0,237.4764887210036,76.65857538744099,1798p210,449484,0,1640560.0,1640560.0,0.0,12842.0,36.443,0.46,,,36.443,0.46,,,,,,,,,,,,,179.861,20.9991,237.4692,76.6538,92.3364,-6.8211,-5.15,126.17,-15.1,18.007269835777485,0.0072887210035901,0.0047753874409863,0.3121852723742012,183.45714285714286,-171.27252635936918,0.4155092761041204,65.74246977279437
129.72312703583063,31.75,191.80566999348585,35.585759736543736,1297p317,504804,2,1962390.0,24412.0,0.0,20487.0,37.539,0.52,,,,,37.539,0.52,,,,,,,,,,,129.7281,31.7472,191.8102,35.5893,54.0141,-36.4035,97.05,133.65,-121.79,18.258441293589406,0.0045300065141589,0.0035402634562657,0.3123776248635815,292.6714285714286,-159.07127605471572,191.41119030889584,153.99561831720058
125.51966292134831,8.75,215.33287042053,24.09534685659636,1255p087,381114,2,23469.0,23469.0,0.0,4410.0,34.019,0.48,,,,,34.019,0.48,,,,,,,,,,,125.5151,8.7526,215.3281,24.0924,69.2996,-57.3985,8.37,22.15,-37.03,18.74016879934007,0.004770420529951,0.0029468565963597,0.3200534237819786,63.0,-36.17160614531768,50.68246275055467,9.586598896723205
169.31962025316454,28.75,202.95926454096283,69.1743757698983,1693p287,489984,2,1844676.0,34385.0,8053.0,14049.0,36.979,0.52,,,,,36.979,0.52,,,,,,,,,,,169.3212,28.7451,202.9732,69.1757,81.3446,-12.6445,20.79,136.57,-30.99,18.331153514191342,0.0139354590371567,0.0013242301017015,0.3207789143753807,200.7,-172.9198123037455,32.60727599566031,96.5193973508966
162.0,28.25,203.32950585080104,62.72513265367336,1620p282,487423,3,32264.0,32264.0,0.0,6656.0,35.333,0.43,,,35.333,0.43,,,,,,,,,,,,,162.0044,28.2464,203.3382,62.7286,78.6487,-18.548,12.36,61.56,-21.07,19.04371321465276,0.0086941491989591,0.0034673463266372,0.329556715769809,95.08571428571429,-79.66528950811363,25.878058101845486,45.00067574704229
189.67877094972067,6.25,294.11736646730594,68.90372523683277,1896p062,367078,2,3793101.0,1295552.0,881.0,22556.0,37.459,0.44,,,,,37.459,0.44,,,,,,,,,,,189.6839,6.2512,294.1309,68.9056,109.3265,-2.203,-73.31,209.04,-8.52,18.856339791276444,0.0135335326940548,0.0018747631672368,0.3296806257158992,322.22857142857146,-315.74841253506855,-53.88055189515173,35.086726178941205
134.625,1.0,227.7243780196061,28.45157133292771,1346p010,336666,0,1181577.0,153332.0,11544.0,21415.0,36.539,0.45,,,,,36.539,0.45,,,,,,,,,,,134.6293,1.0033,227.7237,28.457,90.5452,-55.2213,-1.15,121.15,-174.46,19.511319040906816,0.0006780196060844,0.0054286670722909,0.3312953373601557,305.92857142857144,-214.88709635080787,217.68585451016605,5.356807297634691
118.43517138599104,21.5,199.6077085383908,22.92103699982089,1184p215,451943,1,1651290.0,1651290.0,0.0,14619.0,36.209,0.48,,,,,36.209,0.48,,,,,,,,,,,118.4293,21.5005,199.6051,22.9163,48.0119,-50.1041,62.03,68.92,-110.92,19.748395691086877,0.0026085383908309,0.0047369998208921,0.3364854663965043,208.84285714285716,-92.50612378754897,170.8775783272351,76.54285901646307
123.56489945155391,40.75,180.01036751912338,32.41370297604564,1235p407,546671,3,90833.0,90833.0,0.0,11918.0,36.373,0.44,,,36.373,0.44,,,,,,,,,,,,,123.5711,40.7472,180.0146,32.4179,43.8157,-30.6229,73.34,70.37,-60.16,19.687007119096396,0.0042324808766238,0.0041970239543616,0.3365462901492587,170.25714285714287,-71.32571824334994,107.47140340727009,111.1307071003313
157.88352272727272,12.5,230.02962552187347,54.1601267534196,1578p125,402491,1,31066.0,31168.0,0.0,10312.0,35.903,0.39,,,35.903,0.39,,,,,,,,,,,,,157.8802,12.4956,230.0336,54.1552,91.7914,-29.4834,-2.78,88.85,-50.26,19.679685878600512,0.0039744781265369,0.0049267534196033,0.3368959961894822,147.31428571428572,-133.23908515892512,54.156425656186784,31.8736022700419
207.3658536585366,31.5,55.46764988921628,76.63034566741068,2073p315,503840,0,3098503.0,3098503.0,0.0,8798.0,35.783,0.47,,,35.783,0.47,,,,,,,,,,,,,207.3597,31.4983,55.4662,76.6359,88.0204,19.5448,2.85,82.31,29.24,19.855559357549943,0.0014498892162819,0.0055543325893268,0.3379302110981079,125.68571428571428,-95.17885387372877,-49.25112952253994,65.66742565037539
225.49920760697304,29.0,44.39328448694347,61.227791556751214,2254p290,491444,0,1852519.0,1852519.0,0.0,21665.0,37.919,0.53,,,,,37.919,0.53,,,,,,,,,,,225.5046,28.9972,44.388,61.223,91.7531,35.0517,-5.34,174.35,122.37,19.74560592099275,0.0052844869434736,0.0047915567512148,0.3391694757112343,309.5,-189.72213009926998,-193.09364957963058,150.03534864362632
113.88036809815952,25.25,194.21424017491512,20.38881358589129,1138p252,471790,2,3722641.0,3722641.0,0.0,24990.0,38.089,0.53,,,,,38.089,0.53,,,,,,,,,,,113.8863,25.2515,194.2149,20.3944,40.1702,-47.8665,125.66,106.08,-181.79,20.05505769509564,0.000659825084881,0.0055864141087091,0.3404972007785176,357.0,-130.74415985647798,295.23153040952894,152.29349334581278
296.796992481203,-22.75,17.749626630107052,-21.96389168412937,2967m227,203754,2,809446.0,809446.0,0.0,14315.0,36.469,0.54,,,,,36.469,0.54,,,,,,,,,,,296.791,-22.7489,17.7485,-21.9583,225.1247,49.4804,-64.91,-65.19,107.64,20.28494678681234,0.001126630107052,0.0055916841293672,0.3448007606832917,204.5,85.00528151903879,-168.34755743911072,-79.07877097018066
235.14344262295083,47.5,76.22678490492389,51.353666334973965,2351p475,574975,1,2299261.0,2300399.0,40512.0,21554.0,36.409,0.46,,,,,36.409,0.46,,,,,,,,,,,235.1358,47.4977,76.2255,51.3594,67.1782,39.0178,63.89,151.82,133.47,20.34896326123492,0.0012849049238923,0.0057336650260353,0.3461679576371763,307.9142857142857,-118.91858576477367,-170.6929832502461,227.00987374071673
208.4948096885813,36.75,72.84772800457102,73.64700319137161,2084p367,528921,3,2086305.0,2086305.0,43067.0,28440.0,38.169,0.55,,,,,38.169,0.55,,,,,,,,,,,208.5001,36.7538,72.851,73.6414,82.5427,20.9977,33.71,257.55,99.69,20.493846180303542,0.0032719954289746,0.0056031913716054,0.3504392898056391,406.2857142857143,-286.0739051933138,-155.32610382837044,243.11232767919904
316.30560928433266,-44.25,356.5098974112742,-42.03165843304895,3163m442,100816,2,130586.0,66116.0,0.0,8351.0,35.519,0.52,,,,,35.519,0.52,,,,,,,,,,,316.311,-44.2458,356.5154,-42.0355,231.2277,23.0989,-47.8,-59.51,32.56,20.53935541257369,0.0055025887257897,0.0038415669510456,0.351666745886397,119.3,61.796774629202694,-59.03158611649191,-83.24013746984522
199.7346368715084,6.25,321.55459259417904,68.12182185133892,1997p062,367118,2,1297147.0,3805882.0,31700.0,28651.0,38.439,0.49,,,,,38.439,0.49,,,,,,,,,,,199.7292,6.2484,321.5395,68.1218,112.011,7.4165,-104.15,257.64,36.17,20.291140986142096,0.015092594179066,2.1851338928513545e-05,0.3533001286203628,409.3,-382.98476347250033,-137.3486440044831,44.54784998226896
195.5889145496536,53.25,119.23187902947936,63.7997474406092,1955p532,596056,2,2435740.0,45094.0,81072.0,10026.0,35.739,0.45,,,,,35.739,0.45,,,,,,,,,,,195.5983,53.2492,119.219,63.8001,64.4262,13.6196,41.74,87.23,23.43,20.420266438812263,0.0128790294793788,0.000352559390798,0.3535693628503812,143.22857142857143,-82.5425408331664,-23.04365151335072,114.76124237392035
164.7982062780269,22.0,218.13083431599648,64.02599033196924,1647p220,454796,0,1661654.0,1661102.0,14705.0,27226.0,38.189,0.48,,,,,38.189,0.48,,,,,,,,,,,164.7997,22.0055,218.1199,64.029,85.7225,-19.3071,18.8,251.3,-88.28,20.418070738153094,0.0109343159964794,0.0030096680307565,0.3542451629964542,388.9428571428571,-347.9917383229804,94.54921931807576,145.7351752588981
191.15546218487395,48.75,125.97663697438225,68.33793767936345,1911p487,579677,3,2324597.0,2324597.0,56936.0,29288.0,39.069,0.5,,,,,39.069,0.5,,,,,,,,,,,191.1555,48.7442,125.9777,68.3438,68.4434,10.0648,103.58,262.2,50.04,20.880192952415943,0.0010630256177535,0.0058623206365524,0.354928562127905,418.4,-270.6891579476855,-53.37945102322485,314.54184773735926
150.86330935251797,-15.5,254.13007769279005,31.032056473667375,1508m155,242700,0,910400.0,29012.0,0.0,10004.0,35.749,0.59,,,,,35.749,0.59,,,,,,,,,,,150.8692,-15.5013,254.136,31.0352,122.8927,-44.7197,-36.98,57.18,-67.43,20.96405749303885,0.0059223072099428,0.0031435263326216,0.3584667917598786,142.9142857142857,-120.29612465066283,67.04068936815237,-38.19530631241986
185.4050279329609,6.5,282.63199899555684,68.18867175859563,1854p065,368493,1,3787280.0,3787280.0,0.0,23181.0,38.289,0.54,,,,,38.289,0.54,,,,,,,,,,,185.4049,6.5058,282.6268,68.1942,107.8809,-6.2118,-69.51,215.44,-24.64,20.88501361323741,0.0051989955568387,0.0055282414043631,0.3588107971818254,331.15714285714284,-327.56174819971847,-30.991965629623827,37.5213598909019
46.282051282051285,-13.0,195.29590935236843,-55.725334449093744,0462m130,256264,0,11594.0,11594.0,0.0,4584.0,34.443,0.48,,,34.443,0.48,,,,,,,,,,,,,46.285,-13.0051,195.3064,-55.7252,291.2497,-34.4247,13.66,-35.12,-25.82,21.0730046484657,0.010490647631542,0.0001344490937427,0.3618418408663798,65.48571428571428,44.094523974195404,46.11810528583903,-14.736760018524304
353.30696202531647,28.75,102.90090790355688,-31.061559318425044,3533p287,490630,2,91809.0,91809.0,0.0,6507.0,34.083,0.55,,,34.083,0.55,,,,,,,,,,,,,353.3022,28.7458,102.8946,-31.0639,321.2751,25.1588,45.72,-36.66,27.53,21.31956481595325,0.0063079035568875,0.0023406815749567,0.3639746653977317,92.95714285714286,80.94505573998748,-9.505707702072245,44.70536746853056
23.95774647887324,-10.0,156.4588609059124,-69.92709141952633,0239m100,273120,0,5932.0,5932.0,0.0,5500.0,34.419,0.54,,,,,34.419,0.54,,,,,,,,,,,23.9628,-10.003,156.4757,-69.9272,289.3949,-12.4184,17.76,-50.46,-11.78,20.91961823716644,0.0168390940876008,0.0001085804736646,0.3656079785140395,78.57142857142857,70.70785989901509,31.426175162204657,-13.647836859033244
199.55769230769232,44.0,106.92478701232416,72.28596230935118,1995p440,560770,0,3554750.0,3554750.0,0.0,25238.0,37.779,0.53,,,,,37.779,0.53,,,,,,,,,,,199.5636,44.0041,106.9162,72.2807,74.2422,14.9622,64.94,230.14,63.91,21.25774146621783,0.008587012324142,0.0052623093511812,0.3681450127789538,360.54285714285714,-244.3635973223255,-86.83907404538208,250.47267188132062
240.3025936599424,15.75,28.47699226849736,44.675601025611925,2403p157,420984,2,142833.0,56962.0,0.0,11534.0,36.053,0.39,,,36.053,0.39,,,,,,,,,,,,,240.3016,15.7559,28.4841,44.6788,110.2225,48.253,-25.73,69.86,83.42,21.517216836392084,0.0071077315026393,0.0031989743880771,0.3689269864972512,164.77142857142857,-78.56624551181746,-137.7502293825092,44.74196067130178
123.04589707927676,3.5,219.18942233897369,19.534695028394868,1230p035,351017,1,3446502.0,3446502.0,0.0,24407.0,38.119,0.55,,,,,38.119,0.55,,,,,,,,,,,123.0399,3.4991,219.1874,19.5291,72.8598,-62.9247,32.13,104.18,-213.28,21.791438330329804,0.0020223389736884,0.0055950283948682,0.3708080062073867,348.6714285714286,-189.74926258406958,291.7432542448004,21.280414786755564
207.2008113590264,-47.0,312.9922375962369,14.74811377755666,2072m470,89385,1,166179.0,46957.0,0.0,735.0,27.86,0.05,,,,,,,,,,,27.86,0.05,,,,,207.1935,-46.9966,312.988,14.7526,164.8408,-2.6025,-7.55,2.04,-0.36,21.72716096266292,0.0042375962369192,0.0044862224433401,0.3708431680579747,10.5,-6.3698719476049215,-3.2727560576465176,-7.678788912208351
195.19823788546256,19.25,318.6702488533018,81.83439207421291,1951p192,440062,2,3800486.0,3800486.0,0.0,25843.0,38.329,0.53,,,,,38.329,0.53,,,,,,,,,,,195.202,19.2544,318.7031,81.8377,98.2123,6.445,-35.96,249.15,28.44,20.35663574297769,0.0328511466981922,0.0033079257870838,0.3754363348682376,369.1857142857143,-336.33867088332465,-91.39380158782215,121.74384227720721
100.01686340640808,-34.75,243.7068248008119,-17.22796122658244,1000m347,142453,3,179691.0,179691.0,0.0,13390.0,36.919,0.63,,,,,36.919,0.63,,,,,,,,,,,100.0229,-34.7537,243.7124,-17.2246,215.7423,-70.663,-35.62,-25.64,-125.06,22.27640566470104,0.0055751991881152,0.0033612265824416,0.3802098535155742,191.28571428571428,-27.352801741205234,154.76371189909742,-109.0423871983524
3.044117647058824,-19.5,71.13158808309137,-78.2007316819548,0030m195,220141,1,101125.0,101125.0,0.0,15689.0,36.599,0.56,,,,,36.599,0.56,,,,,,,,,,,3.0453,-19.4942,71.1563,-78.1977,274.7466,4.4892,12.79,-154.02,12.13,21.262025661268137,0.0247119169086289,0.003031681954809,0.3821106932179069,224.12857142857143,210.98210224141636,11.224378223486944,-74.79426714595769
163.33333333333334,20.5,220.332665890377,62.25811544585712,1633p205,446726,0,3762227.0,3762227.0,0.0,27875.0,37.499,0.52,,,,,37.499,0.52,,,,,,,,,,,163.339,20.4969,220.3428,62.2622,86.4985,-21.2041,15.53,253.87,-98.67,22.128555197071996,0.01013410962301,0.004084554142878,0.3830279170504213,398.2142857142857,-357.3442990890916,106.94335171210996,139.4374009369244
172.625,0.5,263.46613541471817,57.03571241421878,1726p005,333938,0,35465.0,35465.0,72559.0,9065.0,35.779,0.49,,,,,35.779,0.49,,,,,,,,,,,172.6223,0.4943,263.468,57.0294,109.9721,-20.1635,-28.87,79.43,-31.03,22.70554308859091,0.0018645852818508,0.006312414218776,0.3866027176438087,129.5,-128.4231181386667,16.62842696920526,1.1172036841456296
120.16216216216216,39.75,180.58860564438805,29.67543394077437,1201p397,542250,2,2155096.0,2155096.0,9839.0,29092.0,37.399,0.53,,,,,37.399,0.53,,,,,,,,,,,120.1678,39.7546,180.5845,29.6807,41.3707,-32.464,180.11,158.62,-152.68,22.75346696558525,0.004105644388062,0.005266059225633,0.388596153040116,415.6,-160.56434826362303,276.2341417839898,265.7765019326212
121.84322033898304,49.25,169.8427977849926,32.30457200253028,1218p492,581391,3,2337619.0,2337619.0,0.0,23616.0,37.209,0.51,,,,,37.209,0.51,,,,,,,,,,,121.8528,49.2513,169.842,32.311,39.185,-23.0888,165.36,134.79,-90.94,22.99261550870752,0.000797784992585,0.0064279974697214,0.3904360409407651,337.37142857142857,-116.21688718296333,187.05353837148576,255.5857776413547
152.41525423728814,11.0,227.9487452052816,48.75316473094344,1524p110,394001,1,29555.0,29555.0,0.0,8772.0,34.959,0.47,,,,,34.959,0.47,,,,,,,,,,,152.4088,11.0002,227.9439,48.7478,90.4616,-34.9299,-0.58,71.44,-49.89,22.819710864917862,0.0048452052815832,0.005364730943441,0.390538450640322,125.31428571428572,-109.02227225625153,56.974147249335715,23.911522355893883
205.1129032258065,30.75,54.49954001889468,78.68930658374187,2051p307,500128,2,1916196.0,48292.0,62671.0,19107.0,36.899,0.48,,,,,36.899,0.48,,,,,,,,,,,205.1174,30.7454,54.4716,78.6869,88.5425,17.5432,4.43,174.09,55.05,21.62863426848473,0.0279400188946752,0.0024065837418731,0.3908238404446273,272.95714285714286,-212.40925689048782,-99.57843839447058,139.54226610917596
9.547383309759548,11.25,117.71077373348436,-51.487390350845374,0095p112,394855,3,90485.0,90485.0,0.0,11268.0,36.603,0.48,,,36.603,0.48,,,,,,,,,,,,,9.5409,11.25,117.7006,-51.4869,306.2129,7.0183,65.51,-89.46,13.65,22.891445209185576,0.0101737334843647,0.000490350845375,0.3921881711494995,160.97142857142856,155.6945598011343,26.16860081951162,31.403967835396184
198.3079847908745,-43.25,307.137913507799,19.44369289236977,1983m432,104653,3,45918.0,46618.0,0.0,3410.0,32.619,0.56,,,,,32.619,0.56,,,,,,,,,,,198.3006,-43.2464,307.1325,19.4478,159.3683,-7.4649,-31.56,11.88,-4.42,23.30118552244378,0.0054135077990054,0.0041071076302294,0.3978737074699646,48.714285714285715,-33.68945711674829,-11.142114066620568,-33.37597048713723
310.8139534883721,-53.5,344.701445248802,-37.93052736461336,3108m535,65606,0,429270.0,66047.0,0.0,12753.0,35.639,0.76,,,,,35.639,0.76,,,,,,,,,,,310.8225,-53.5041,344.6957,-37.9352,222.8896,16.9885,-97.07,-90.17,40.48,23.51081100416924,0.0057452488019862,0.0046726353866475,0.402264734258121,182.18571428571428,70.83538228839508,-81.99845834172493,-146.45899062684148
25.85557299843014,28.0,136.7036743085301,-33.4777490946414,0258p280,485669,1,74006.0,74006.0,0.0,9868.0,35.233,0.42,,,35.233,0.42,,,,,,,,,,,,,25.863,28.0,136.7113,-33.4762,326.632,-2.9342,81.69,-53.8,-5.01,23.607551366115715,0.0076256914698831,0.0015490946414047,0.4026339755465498,140.97142857142856,112.0033882897726,54.296568814098194,66.18207687958814
148.76770538243625,11.5,224.81610193029815,45.83110096110927,1487p115,396815,1,3532510.0,3532487.0,36740.0,23609.0,37.549,0.54,,,,,37.549,0.54,,,,,,,,,,,148.7739,11.4976,224.8232,45.8355,87.7547,-37.7949,7.18,183.06,-142.08,23.499027434127637,0.0070980697018399,0.0043990388907317,0.4031475658280322,337.27142857142854,-282.62279381405796,171.3384601315066,67.22726401626667
124.29763560500696,4.0,219.33309351370795,20.873335578964383,1242p040,353898,0,3447028.0,1269285.0,70297.0,22775.0,37.839,0.48,,,,,37.839,0.48,,,,,,,,,,,124.2913,3.9981,219.3318,20.8669,74.007,-61.6901,28.7,100.15,-193.41,23.758544706208795,0.0012935137079637,0.0064355789643819,0.4037048377758256,325.35714285714283,-182.86030973975335,268.1506444576449,22.6850040113385
160.69602272727272,12.5,232.45004315859467,56.536621804218015,1606p125,402502,0,3538456.0,1409946.0,11203.0,20156.0,37.539,0.46,,,,,37.539,0.46,,,,,,,,,,,160.6956,12.4935,232.4599,56.533,93.1479,-27.0079,-9.71,176.56,-90.13,23.447121225356767,0.0098568414053374,0.0036218042180138,0.4042639993792974,287.9428571428571,-265.3184628560266,92.93607862272692,62.290348670860745
227.891061452514,6.25,7.260675635789158,50.72025813909045,2278p062,367230,2,3841651.0,1295965.0,603.0,24206.0,37.789,0.55,,,,,37.789,0.55,,,,,,,,,,,227.8972,6.2527,7.2698,50.7169,119.6653,34.5116,-95.35,167.4,132.47,24.02173176283977,0.0091243642108418,0.0033581390904515,0.412844699348623,345.8,-230.46685892724673,-255.03767032351266,37.66236386850746
123.24742268041236,36.25,185.15576975111173,31.309805164490392,1232p362,526326,2,23028.0,23028.0,0.0,2659.0,32.613,0.4,,,32.613,0.4,,,,,,,,,,,,,123.2413,36.2546,185.1493,31.3061,45.5904,-34.8684,15.24,15.55,-15.17,24.293594893038016,0.006469751111723,0.0037051644903911,0.4150681638194145,37.98571428571429,-16.791193007156117,25.61930862015493,22.463778689650717
40.26647966339411,-8.25,182.0069261452123,-57.9244886088811,0402m082,283143,3,10175.0,9843.0,0.0,1373.0,31.413,0.27,,,,,,,31.413,0.27,,,,,,,,,40.2699,-8.2558,182.0195,-57.9255,295.2466,-27.6581,5.18,-10.99,-6.37,24.175723931261885,0.0125738547876892,0.0010113911189009,0.4165139780942882,19.614285714285714,14.810763811646195,12.547070362094841,-2.8164702600782654
189.625,1.75,295.4231928542072,64.43296027668299,1896p017,341206,2,42244.0,42244.0,77899.0,5402.0,34.459,0.45,,,,,34.459,0.45,,,,,,,,,,,189.6199,1.7543,295.4103,64.4366,113.6376,-3.5017,-21.53,49.19,-3.29,24.008433041924143,0.0128928542071662,0.0036397233170077,0.4166731282229098,77.17142857142858,-76.05058629874804,-12.890165014563184,2.362489633651411
122.78048780487804,31.5,190.40112499927892,29.788909913199305,1227p315,503551,1,1949872.0,1949872.0,73869.0,21790.0,37.809,0.49,,,,,37.809,0.49,,,,,,,,,,,122.7768,31.494,190.4069,29.7843,47.5268,-39.3886,111.83,122.15,-135.98,24.386565980204903,0.0057750007210586,0.0046099131993031,0.4168276802571101,311.2857142857143,-143.69619534752266,223.1712538579243,162.61854387644675
214.6034482758621,36.5,65.32263604556155,69.34952049018409,2146p365,527783,1,51104.0,51104.0,0.0,3394.0,33.407,0.072,,,,,,,33.407,0.072,,,,,,,,,214.6068,36.4939,65.3035,69.3492,83.0676,25.8812,3.68,30.24,14.78,24.006860967787908,0.0191360455615523,0.0003204901840945,0.4195708852087786,48.48571428571429,-32.08211264161787,-22.13758712022535,28.836257987833548
127.39655172413794,36.5,185.64847744361228,34.63398101751878,1273p365,527502,0,3389916.0,3389916.0,70933.0,25011.0,38.159,0.55,,,,,38.159,0.55,,,,,,,,,,,127.4051,36.5006,185.6492,34.6409,49.122,-33.2147,134.33,155.2,-134.39,24.83175148117088,0.0007225563877284,0.0069189824812241,0.4215040635551338,357.3,-174.4682653281063,228.15292630594368,212.53318943505306
149.0057636887608,-15.75,252.8577373391692,29.598050270190928,1490m157,241304,2,181933.0,181933.0,0.0,12009.0,36.399,1.04,,,,,36.399,1.04,,,,,,,,,,,149.0003,-15.7545,252.8571,29.5911,122.9536,-46.5369,-44.53,68.69,-86.37,24.916004714488345,0.0006373391692022,0.0069502701909271,0.4228543546016018,171.55714285714285,-141.5294062640222,85.03843807283339,-46.58051607692164
141.77710843373495,62.75,151.28875115405918,41.40454792944264,1417p627,625051,3,3086639.0,3086639.0,0.0,9019.0,35.499,0.47,,,,,35.499,0.47,,,,,,,,,,,141.7821,62.7565,151.2796,41.4042,42.9268,-6.1083,65.22,60.66,-9.53,24.804077368582156,0.0091511540591966,0.0003479294426398,0.4229003729782057,128.84285714285716,-46.339061897901935,36.48869352635168,114.55020045332566
336.8446601941748,-31.0,17.173091926367658,-58.41966858336187,3368m310,161434,0,68902.0,68902.0,0.0,3651.0,33.543,0.8,,,33.543,0.8,,,,,,,,,,,,,336.8462,-31.0067,17.1602,-58.4211,253.6222,20.856,-9.59,-32.64,12.96,24.583529263767943,0.0128919263676579,0.0014314166381339,0.4240488307352575,52.15714285714286,41.10344833657656,-17.577742165101366,-26.86814221787594
170.1776649746193,57.0,145.0299818865006,56.063241558832814,1701p570,608400,0,3405024.0,34754.0,1588.0,14222.0,36.909,0.46,,,,,36.909,0.46,,,,,,,,,,,170.181,57.0066,145.0202,56.0592,56.3959,0.9998,78.41,117.99,2.47,24.64322124822023,0.0097818865006047,0.0040415588328173,0.4245437994704258,203.17142857142858,-109.01480754465132,18.86735830956398,170.4066428111776
223.81578947368425,42.5,72.46273182682759,60.54725252623911,2238p425,554531,1,53339.0,53265.0,27699.0,5611.0,33.219,0.46,,,,,33.219,0.46,,,,,,,,,,,223.815,42.5068,72.4759,60.5453,75.6649,32.5765,11.66,45.62,30.08,24.56950765900104,0.0131681731724029,0.0019525262391084,0.4246124937281953,80.15714285714286,-42.63927019267129,-40.9110239137713,54.16039430048137
186.5762004175365,48.5,134.13251394047307,68.07802260689962,1865p485,578710,0,40665.0,40665.0,0.0,480.0,28.73,0.05,,,,,,,,,,,28.73,0.05,,,,,186.5709,48.4942,134.1458,68.0828,67.9431,7.0648,1.79,4.41,0.59,24.410203371976696,0.0132860595269335,0.0047773931003831,0.4249001754935949,6.857142857142857,-4.514349397271333,-0.5200046916054354,5.135236392156605
253.70689655172413,36.5,59.48475390119595,38.29704968726022,2537p365,527909,1,59244.0,59244.0,0.0,915.0,31.223,0.39,,,31.223,0.39,,,,,,,,,,,,,253.6984,36.5014,59.4852,38.304,72.7863,56.1835,1.51,4.86,7.6,25.0990523673099,0.0004460988040477,0.0069503127397823,0.425713950998995,13.071428571428571,-2.949349895189997,-10.084944620324043,7.775440315422599
208.7737226277372,18.25,5.055952410215631,72.86707350200824,2087p182,434650,2,49477.0,49477.0,0.0,7204.0,35.363,0.41,,,35.363,0.41,,,,,,,,,,,,,208.778,18.2443,5.0472,72.8606,102.0969,18.7692,-14.22,66.33,23.05,25.1979802671369,0.0087524102156306,0.0064735020082338,0.4351922500094795,102.91428571428571,-85.66900113723635,-47.054104706057004,32.219305990993234
144.40298507462686,21.75,208.90685563219864,45.82209297605983,1444p217,453381,3,3744610.0,3744610.0,0.0,27012.0,38.669,0.54,,,,,38.669,0.54,,,,,,,,,,,144.4013,21.7569,208.8967,45.8227,74.3003,-35.3104,58.42,207.83,-152.91,25.47097625157492,0.0101556321986322,0.0006070239401694,0.4352789269983837,385.8857142857143,-291.4177004558968,208.62458098645746,143.03598344129418
119.51501154734412,-53.25,267.0122526524152,-12.28265919671292,1195m532,66011,3,432081.0,431994.0,0.0,11604.0,36.039,0.59,,,,,36.039,0.59,,,,,,,,,,,119.5209,-53.2562,267.0196,-12.2825,191.6563,-50.4602,-71.71,-14.79,-88.7,25.671605368592537,0.0073473475848686,0.0001591967129197,0.4353666337743307,165.77142857142857,-48.865495625420174,86.29600815940793,-132.83572126369353
315.5536028119508,-38.0,4.848939076304338,-41.26575910412672,3155m380,128037,1,131449.0,65899.0,0.0,13154.0,36.079,0.54,,,,,36.079,0.54,,,,,,,,,,,315.5611,-38.0039,4.8443,-41.2719,234.6663,28.5497,-65.74,-92.73,61.84,25.484087071001344,0.004639076304338,0.0061408958732798,0.4355147566943069,187.9142857142857,105.72203871753158,-103.67137458009799,-115.70166549186737
208.3454281567489,17.25,1.5159259062595356,72.61482270141417,2083p172,429153,3,3815411.0,3815411.0,0.0,25136.0,37.599,0.52,,,,,37.599,0.52,,,,,,,,,,,208.3386,17.2476,1.4962,72.6185,103.043,18.1665,-52.87,228.21,76.87,25.01529406567208,0.0197259062595356,0.0036772985858277,0.4403247726065647,359.0857142857143,-301.8399641345883,-162.7864749530201,106.46947838550662
181.7016806722689,48.75,141.7616417778341,66.71425819719667,1817p487,579652,2,3548042.0,38415.0,1906.0,20186.0,37.509,0.45,,,,,37.509,0.45,,,,,,,,,,,181.702,48.7571,141.7533,66.7081,66.7179,4.0756,76.55,177.9,13.8,25.57123458744288,0.0083417778340901,0.0061581971966688,0.440687218154807,288.37142857142857,-190.02575471745922,-5.646471737145757,216.83267908068694
309.1359773371105,11.5,56.05756642893302,-17.16848442615835,3091p115,397444,0,65060.0,65060.0,0.0,4162.0,33.803,0.45,,,33.803,0.45,,,,,,,,,,,,,309.1409,11.4946,56.0555,-17.1753,289.9503,64.9857,5.99,-16.49,37.6,26.067050027234696,0.0020664289330198,0.0068155738416493,0.4433328365619141,59.457142857142856,36.77836659000601,-45.18982226138074,11.84835649744897
164.46902654867256,-20.0,269.67637988383814,35.434657106283034,1644m200,218035,1,32961.0,32961.0,0.0,4228.0,33.329,0.54,,,,,33.329,0.54,,,,,,,,,,,164.4615,-20.0016,269.67,35.4296,130.4806,-32.3571,-23.11,27.08,-22.56,26.1047813343727,0.0063798838381217,0.0050571062830329,0.4465166790273663,60.4,-54.68243196285772,15.204357787199887,-20.659601615380915
217.35,33.75,56.369572321780296,67.93394131037176,2173p337,514810,2,3827378.0,2038369.0,63571.0,25508.0,37.969,0.56,,,,,37.969,0.56,,,,,,,,,,,217.3413,33.7507,56.3748,67.9409,86.1799,28.0799,14.7,220.18,117.73,26.16316620275022,0.005227678219704,0.0069586896282345,0.4482391378937755,364.4,-240.88416575605785,-183.77910984940246,202.4534945881875
197.375,-2.25,312.068229757831,60.30094927742811,1973m022,318197,3,1097679.0,1097679.0,0.0,24358.0,37.469,0.52,,,,,37.469,0.52,,,,,,,,,,,197.3764,-2.2428,312.0732,60.3079,119.5937,2.8762,-117.91,207.61,12.0,26.40471497216868,0.0049702421690085,0.0069507225718865,0.4519995476103731,347.9714285714286,-331.83680873388,-103.841265548403,-13.617600400262328
181.65021156558527,10.5,268.3838538509512,70.30300527985028,1816p105,391283,1,3476526.0,3476526.0,0.0,28462.0,38.559,0.55,,,,,38.559,0.55,,,,,,,,,,,181.6448,10.5048,268.3629,70.3044,102.9193,-8.5803,-61.55,268.34,-41.54,25.797724690676095,0.020953850951173,0.0013947201497188,0.4523106492788269,406.6,-399.6205159005038,-11.475128696485548,74.13045725485773
182.28813559322035,60.75,132.06669183840367,55.62198629949534,1822p607,619644,2,2606248.0,2605896.0,24496.0,29944.0,38.189,0.48,,,,,38.189,0.48,,,,,,,,,,,182.2802,60.7438,132.0765,55.6269,55.3906,8.2,164.48,238.35,41.73,26.32629239288353,0.0098081615963394,0.0049137005046588,0.4534934019823905,427.77142857142854,-208.8930607746618,-8.317708301150818,373.20624323670046
133.79746835443038,9.25,218.88776517714075,31.66137788437728,1337p092,383994,2,1362094.0,1362094.0,56576.0,20736.0,37.269,0.47,,,,,37.269,0.47,,,,,,,,,,,133.7958,9.2428,218.8946,31.6568,78.4578,-51.171,25.6,125.38,-158.99,26.58924610152018,0.0068348228592469,0.0045778843772765,0.4545668089285266,296.22857142857146,-202.35508516294558,211.0448974946212,47.579799083162484
182.3146747352496,23.5,231.45247302915416,79.80537293395487,1823p235,462841,1,3783363.0,3783363.0,44887.0,23776.0,37.339,0.53,,,,,37.339,0.53,,,,,,,,,,,182.3115,23.5063,231.4137,79.8051,90.7168,-3.8497,-2.91,232.91,-15.67,24.984616834345918,0.0387730291541572,0.000272933954875,0.4554562436814642,339.65714285714284,-311.2176728217282,-12.562359634684789,135.47221832432703
204.56859971711455,11.25,339.9165232762843,70.67919798336482,2045p112,395621,3,48190.0,48190.0,0.0,17272.0,36.703,0.41,,,36.703,0.41,,,,,,,,,,,,,204.5613,11.2512,339.9004,70.684,108.2966,13.2888,-52.08,157.5,39.18,26.133516510941774,0.0161232762843042,0.0048020166351818,0.4564839014351823,246.74285714285713,-220.1038180911213,-100.5916211441302,48.14221191767946
161.28390596745027,40.0,178.54823034501155,60.9192093762897,1612p400,543485,1,2159001.0,2159001.0,0.0,20945.0,37.209,0.52,,,,,37.209,0.52,,,,,,,,,,,161.2935,39.9986,178.5468,60.9267,67.9701,-12.8132,75.39,186.31,-45.71,26.934063711619437,0.0014303450115562,0.0074906237102965,0.4578220305821767,299.2142857142857,-217.10754542261097,73.51430278877712,192.32563474887874
123.52589641434264,46.0,173.82094173913322,33.10668970442316,1235p460,568728,0,2273845.0,23092.0,33616.0,15220.0,36.029,0.44,,,,,36.029,0.44,,,,,,,,,,,123.5177,46.0048,173.8145,33.1016,41.5663,-25.7529,101.38,89.9,-65.37,26.808641018422414,0.0064417391332085,0.0050897044231632,0.4583421271967454,217.42857142857142,-83.3954458243377,125.91224444765135,156.41767798872422
227.38826815642457,6.25,6.790655281739596,51.12277193804122,2273p062,367228,2,1297235.0,1297235.0,50762.0,23102.0,37.749,0.54,,,,,37.749,0.54,,,,,,,,,,,227.3953,6.2525,6.8005,51.1186,119.5116,34.0292,-92.65,163.69,127.01,26.72513215498053,0.0098447182604042,0.0041719380412175,0.4594355255512972,330.0285714285714,-222.0794114331678,-241.46978741063663,35.9434937720775
238.97560975609755,31.5,50.57984970031114,49.84277268848487,2389p315,503948,0,1949811.0,1949811.0,0.0,22581.0,37.609,0.52,,,,,37.609,0.52,,,,,,,,,,,238.9733,31.4928,50.5683,49.8441,87.0098,46.3929,7.98,152.86,160.69,26.87220930733649,0.0115497003111357,0.0013273115151264,0.460747166948537,322.5857142857143,-141.78175103510827,-235.7155771361499,168.51600763730087
72.92887029288703,5.5,193.0615212704131,-23.47268035210271,0729p055,362312,0,16186.0,16186.0,0.0,4526.0,33.893,0.39,,,33.893,0.39,,,,,,,,,,,,,72.9237,5.5055,193.0535,-23.4739,328.8532,-52.8282,23.32,-14.1,-35.94,27.1164161989162,0.0080212704130815,0.0012196478972903,0.4611811882923085,64.65714285714286,18.89865935944576,61.521589569938065,6.203290550401571
139.64467005076142,35.0,189.3182836957672,44.27477933794269,1396p350,520510,0,2057852.0,2057852.0,0.0,7168.0,34.939,0.47,,,,,34.939,0.47,,,,,,,,,,,139.6357,35.0016,189.3151,44.2678,59.7153,-28.9205,31.47,53.89,-34.48,27.071815590877303,0.0031836957671771,0.0069793379426883,0.4613599602244872,102.4,-63.91133550589921,54.32418063350948,58.73656946358225
227.1806167400881,19.25,26.27603490271328,57.59377957771461,2271p192,440183,3,214359.0,214359.0,42882.0,15050.0,36.789,0.51,,,,,36.789,0.51,,,,,,,,,,,227.1782,19.2429,26.262,57.5935,103.8281,36.1474,-28.72,116.66,87.76,26.84741000924134,0.0140349027132771,0.0002795777146147,0.4617713139152475,215.0,-137.97503652115583,-148.88581399706965,70.8583353418332
170.375,2.75,257.6412383743421,57.48643746324929,1703p027,346889,3,34807.0,34794.0,7498.0,15835.0,36.549,0.48,,,,,36.549,0.48,,,,,,,,,,,170.3823,2.7517,257.6498,57.4924,106.9466,-21.6194,-41.31,135.57,-56.17,26.953701724945184,0.0085616256579328,0.0059625367507152,0.4637525244910678,226.21428571428572,-222.7775569236963,37.75079700639349,10.860042252027304
255.74257425742573,-65.25,325.53099113151904,-14.138325795958137,2557m652,30830,2,4077507.0,4077507.0,0.0,14917.0,36.739,0.59,,,,,36.739,0.59,,,,,,,,,,,255.7279,-65.2455,325.5312,-14.1306,195.0331,6.3125,-141.57,-38.02,16.22,27.41661234788935,0.0002088684809677,0.0077257959581373,0.4648782035705944,213.1,-21.998007090142053,-86.47753582122569,-193.5183027063608
214.16158536585365,24.5,29.900452112062705,70.66815055688893,2141p245,468228,0,50995.0,50995.0,0.0,11794.0,35.913,0.41,,,35.913,0.41,,,,,,,,,,,,,214.1537,24.5025,29.903,70.6758,96.2758,24.6841,-11.61,105.57,48.81,27.3540827866417,0.0025478879372968,0.0076494431110631,0.4660987108257217,168.4857142857143,-126.8713242723175,-86.07187120692646,69.87657678145142
216.2,51.5,93.42936834029946,59.9454456690466,2162p515,589930,0,2395198.0,2395198.0,42972.0,20315.0,37.549,0.48,,,,,37.549,0.48,,,,,,,,,,,216.1908,51.5049,93.4442,59.9461,66.3086,26.142,72.15,164.42,88.12,27.133241976210638,0.0148316597005333,0.0006543309534023,0.4677066902574463,290.2142857142857,-145.78903520013807,-106.66549920366685,227.13951687828012
167.10709318497914,3.5,252.28255183161664,55.88735702189486,1671p035,351193,1,33749.0,33749.0,0.0,7614.0,34.463,0.5,,,34.463,0.5,,,,,,,,,,,,,167.0997,3.4979,252.2757,55.8808,105.0444,-24.4895,-17.88,66.53,-31.38,27.62061039025848,0.0068518316166432,0.0065570218948565,0.4737523600158077,108.77142857142857,-105.82851768905486,24.23854935650542,6.636357607832849
33.31491712707182,41.25,139.07069331349626,-19.043447996806307,0333p412,548580,2,8503.0,8503.0,0.0,5562.0,34.463,0.45,,,34.463,0.45,,,,,,,,,,,,,33.3186,41.2428,139.076,-19.0493,341.2186,-3.6636,52.33,-17.8,-3.54,27.77087248005955,0.0053066865037294,0.0058520031936915,0.4740065643650801,79.45714285714286,49.92518293306512,32.81792095542905,52.38222717948905
156.57534246575344,45.0,171.49435764496016,56.069619637163264,1565p450,564768,0,2256904.0,2256904.0,0.0,27744.0,38.229,0.55,,,,,38.229,0.55,,,,,,,,,,,156.5838,45.0048,171.4827,56.0738,61.7271,-12.6953,125.49,233.32,-59.68,27.60567379202272,0.0116576449601666,0.0041803628367347,0.47593257099728,396.34285714285716,-257.15387641213744,111.36675403948041,280.28019970929853
249.83679525222556,20.75,38.96998810285984,37.959775789242464,2498p207,448399,3,3571562.0,1632854.0,48130.0,18284.0,37.579,0.45,,,,,37.579,0.45,,,,,,,,,,,249.8313,20.7442,38.9609,37.9628,102.3736,57.4487,-20.79,94.76,151.98,27.89670583248281,0.0090881028598417,0.0030242107575375,0.4770574108254261,261.2,-84.2196007717591,-229.28862038214035,92.51609270337904
211.0212765957447,12.0,354.8673705202724,67.21637229769715,2110p120,399882,0,50126.0,214205.0,0.0,7493.0,35.473,0.4,,,35.473,0.4,,,,,,,,,,,,,211.0149,12.0047,354.8647,67.2241,109.0307,19.6155,-22.88,66.35,25.01,28.1152006965952,0.0026705202723746,0.0077277023028585,0.4789849008518199,107.04285714285714,-89.7330080706614,-53.94879604635615,22.26405023901547
348.1333333333333,20.5,93.6830834583518,-36.691706392484086,3481p205,447419,1,3977434.0,3977434.0,0.0,9332.0,35.953,0.4,,,35.953,0.4,,,,,,,,,,,,,348.1361,20.4926,93.6815,-36.6994,311.5159,28.9908,53.72,-60.69,44.91,28.22638484255819,0.0015834583518028,0.007693607515911,0.4797168132436837,133.31428571428572,122.21026189155222,-25.673332479758315,46.67151875921985
229.26183844011143,5.25,7.261736830810044,49.029069652314256,2292p052,361500,2,54549.0,54549.0,3478.0,15472.0,35.969,0.43,,,,,35.969,0.43,,,,,,,,,,,229.2666,5.2562,7.2735,49.029,121.2756,35.5656,-64.57,106.31,88.93,28.099009591532816,0.0117631691899564,6.965231425226648e-05,0.4801496480297557,221.02857142857144,-143.6235526305993,-166.78102800434866,20.248289195219574
225.6696428571429,21.25,29.01052008951713,59.58892922449282,2256p212,451000,2,3838970.0,53682.0,250.0,18750.0,36.989,0.58,,,,,36.989,0.58,,,,,,,,,,,225.6659,21.2431,28.9953,59.5902,101.221,34.9171,-30.32,152.81,108.75,27.834149406594925,0.015220089517129,0.0012707755071801,0.4803933551342246,267.85714285714283,-174.4703339071966,-178.57364788614825,97.0515525199731
175.56338028169014,10.0,256.0543318438314,66.35028204992523,1755p100,388422,0,3474227.0,139660.0,29601.0,23250.0,37.079,0.54,,,,,37.079,0.54,,,,,,,,,,,175.5674,9.9934,256.0727,66.3479,101.4747,-14.4132,-44.0,216.77,-56.85,27.70625724552403,0.0183681561686057,0.0023820499252309,0.4825211601859038,332.14285714285717,-326.1251160684347,25.280624686753953,57.63832263189048
234.0,46.75,75.423540981255,52.31355937582724,2340p467,572025,3,55558.0,55558.0,32080.0,11239.0,35.519,0.45,,,,,35.519,0.45,,,,,,,,,,,233.9887,46.7484,75.4246,52.3215,68.4324,38.5543,32.03,81.04,69.45,28.46257885852165,0.0010590187449963,0.007940624172761,0.4833759572264516,160.55714285714285,-64.68232877716436,-88.99067431839505,116.94208973149547
1.4864864864864864,22.5,109.3410438097516,-39.16819018718132,0014p225,456861,1,431.0,426.0,0.0,6267.0,34.603,0.39,,,34.603,0.39,,,,,,,,,,,,,1.4836,22.4926,109.3355,-39.1748,315.6908,17.014,42.68,-41.66,18.25,28.317157015078426,0.0055438097516145,0.0066098128186808,0.4841062394882691,89.52857142857142,82.69030998940592,2.1416371410840087,34.2504178989498
217.90384615384616,44.0,79.44814609089552,63.73604727224162,2179p440,560823,1,2234285.0,2234285.0,7555.0,28844.0,38.279,0.45,,,,,38.279,0.45,,,,,,,,,,,217.912,44.0053,79.4512,63.7283,74.5394,28.1296,66.31,239.76,132.99,28.458149238651576,0.0030539091044801,0.0077472722416231,0.4851036686569629,412.0571428571429,-233.83267505066493,-182.1124371611067,286.2663607367865
114.38247011952193,-69.75,281.5570992543949,-21.48549237033296,1143m697,20623,3,21426.0,21426.0,0.0,10880.0,35.169,0.78,,,,,35.169,0.78,,,,,,,,,,,114.4029,-69.7536,281.5634,-21.48,201.9423,-35.5503,-81.43,-32.81,-62.74,28.56330943608211,0.006300745605074,0.0054923703329592,0.4878482732060685,155.42857142857142,-22.222258310549094,48.98210638276943,-145.82511891376197
207.35433070866145,28.25,41.28215563593872,77.12391682391782,2073p282,487583,3,3814267.0,49049.0,53.0,22884.0,37.969,0.54,,,,,37.969,0.54,,,,,,,,,,,207.3473,28.2546,41.3035,77.1301,91.4276,19.1147,-5.3,212.78,73.76,27.772579909428163,0.0213443640612851,0.0061831760821746,0.4904038719672625,326.9142857142857,-255.78006876526112,-132.28546072284564,154.7580805898819
188.9245810055866,-6.5,295.8998018395852,56.15669261161291,1889m065,293739,1,1032139.0,1032139.0,0.0,15247.0,36.019,0.91,,,,,36.019,0.91,,,,,,,,,,,188.9166,-6.4999,295.8857,56.156,121.4314,-6.3906,-78.1,127.79,-16.77,28.54920180504844,0.014101839585237,0.0006926116129122,0.4906144812822899,217.81428571428572,-213.7988218268148,-33.54346668159698,-24.656899433444487
185.875,2.0,286.8401219899845,63.995427042755175,1858p020,342631,1,91195.0,91195.0,0.0,2158.0,33.673,0.55,,,33.673,0.55,,,,,,,,,,,,,185.875,2.008,286.8356,64.0032,112.3582,-7.0303,-8.13,19.78,-2.64,28.799999999999866,0.0045219899844823,0.0077729572448319,0.492294947229312,30.82857142857143,-30.647815616075757,-3.153628821294085,1.080203474840278
351.34863701578195,14.75,93.82264638598356,-43.20561267975458,3513p147,415850,2,95577.0,71343.0,0.0,12823.0,36.299,0.5,,,,,36.299,0.5,,,,,,,,,,,351.3526,14.757,93.8317,-43.2011,305.6894,25.0699,64.59,-89.92,51.79,28.72942636527672,0.0090536140164374,0.0045126797545833,0.4923900665256328,183.18571428571428,175.12959581077442,-26.634075824797502,46.66108222578078
297.6150627615063,-6.0,34.27047963114391,-15.848706328904504,2976m060,297037,1,205169.0,204981.0,0.0,7956.0,35.969,0.67,,,,,35.969,0.67,,,,,,,,,,,297.6183,-6.0074,34.2651,-15.8549,239.7952,64.3078,-17.25,-29.63,71.26,29.05203766524577,0.00537963114391,0.006193671095497,0.4957739299935033,113.65714285714286,52.39972352512983,-100.1535019169268,-11.895005284365075
192.8976377952756,-28.25,302.9727732925794,34.62173547877205,1928m282,174734,2,43562.0,43900.0,0.0,15785.0,35.429,0.83,,,,,35.429,0.83,,,,,,,,,,,192.8907,-28.2447,302.9653,34.627,143.6133,-8.1004,-127.78,94.16,-22.59,29.122542674460323,0.007473292579391,0.00526452122795,0.4981135250483464,225.5,-193.64422239314996,-44.31736845352135,-106.71520972713827
171.8441971383148,-29.25,281.72150736804696,30.13624221864228,1718m292,169602,2,35241.0,35241.0,0.0,7503.0,35.123,0.39,,,35.123,0.39,,,,,,,,,,,,,171.8475,-29.2576,281.7278,30.1303,141.7349,-26.466,-52.44,41.36,-33.25,29.260664421313603,0.0062926319530447,0.0059422186422786,0.4999125909505501,107.18571428571428,-92.56713856179871,13.2608031512051,-52.38562116845156
124.23776223776224,-7.25,229.6356603988415,15.324379409981594,1242m072,289189,3,1021956.0,3081448.0,0.0,13880.0,36.569,0.59,,,,,36.569,0.59,,,,,,,,,,,124.2348,-7.2576,229.6409,15.3181,95.9184,-68.2452,-5.25,50.63,-127.56,29.333916234114493,0.0052396011584789,0.0062794099815945,0.5004176150419818,198.28571428571428,-110.65895416424111,162.61715993740427,-25.04954384744352
275.8474576271187,60.75,90.02033057278626,26.80346840276105,2758p607,619828,2,61816.0,61816.0,0.0,3721.0,33.523,0.45,,,33.523,0.45,,,,,,,,,,,,,275.8362,60.756,90.0261,26.8099,31.8731,44.5911,22.44,13.95,26.05,29.3023670227098,0.0057694272137354,0.0064315972389472,0.5005738081645126,53.15714285714286,2.6406388814757134,-25.834246816930225,46.38211459640735
116.8814055636896,18.75,201.7590303521748,20.53413650857469,1168p187,437037,3,1569204.0,21757.0,886.0,13665.0,36.329,0.53,,,,,36.329,0.53,,,,,,,,,,,116.8739,18.754,201.7521,20.5292,47.4761,-53.1968,58.96,64.29,-116.6,29.359699686753896,0.0069303521748054,0.0049365085746906,0.5011951888620609,195.21428571428572,-83.55741188256732,164.8867710854241,62.76248073051874
134.04705882352943,54.0,163.79614832568626,39.776379264677054,1340p540,598484,0,2457115.0,2454822.0,10199.0,28968.0,37.829,0.45,,,,,37.829,0.45,,,,,,,,,,,134.0454,54.0081,163.7859,39.7744,44.3772,-15.6297,194.98,190.78,-76.32,29.37046324769135,0.0102483256862626,0.001979264677054,0.5017353111581725,413.8285714285714,-169.07600698131318,174.80592412275578,334.82873127235735
187.436974789916,8.0,286.8998618023766,70.19368778079738,1874p080,377081,1,41220.0,41220.0,19280.0,1317.0,31.077,0.079,,,,,30.849,0.5,31.083,0.08,,,,,,,,,187.445,8.0004,286.9222,70.196,107.022,-3.846,-8.86,28.93,-2.03,28.64579609888309,0.0223381976233554,0.0023122192026221,0.5020803518073624,18.814285714285713,-18.474101775255594,-2.4141226788602324,2.6185725553603385
197.57022471910116,8.75,317.43605050696897,71.0892138754305,1975p087,381399,3,1353034.0,1353034.0,0.0,14514.0,36.363,0.43,,,36.363,0.43,,,,,,,,,,,,,197.5623,8.7514,317.4133,71.0923,109.0155,5.9917,-46.51,134.97,14.98,28.64379249753788,0.0227505069689755,0.0030861245694921,0.503233173164099,207.34285714285716,-195.3770719700535,-61.83579518863075,31.54670489863434
179.375,-1.25,276.1923205482531,58.79296981724508,1793m012,323885,3,37614.0,37614.0,0.0,5861.0,34.563,0.39,,,34.563,0.39,,,,,,,,,,,,,179.3826,-1.2529,276.2081,58.7934,113.7229,-14.17,-22.76,51.8,-14.28,29.278082874876358,0.0157794517468801,0.0004301827549184,0.5041776824164045,83.72857142857143,-83.70369388124445,0.901997692594026,-1.8307660328026136
123.4931506849315,52.75,165.75794183046153,33.559249024861394,1234p527,594140,2,2422803.0,2422803.0,32058.0,21336.0,36.629,0.46,,,,,36.629,0.46,,,,,,,,,,,123.5061,52.7525,165.7553,33.5673,38.9784,-19.4416,153.87,124.5,-69.86,29.61707404723331,0.0026418304615276,0.0080509751386088,0.5043107063873584,304.8,-101.83938023976177,153.82693417742317,242.62946019384358
193.0939226519337,41.25,122.20952695304643,75.87693701534982,1930p412,549062,2,2177973.0,2177973.0,0.0,21449.0,38.319,0.54,,,,,38.319,0.54,,,,,,,,,,,193.0856,41.2451,122.2351,75.882,76.1761,9.791,49.68,201.89,35.88,28.61190509543109,0.0255730469535677,0.0050629846501806,0.5075011165276,306.4142857142857,-224.4091296565425,-52.162189403333926,202.0132743490876
142.78195488721803,22.75,206.93419675835676,44.67216637037964,1427p227,458715,3,27018.0,27018.0,38764.0,15470.0,36.469,0.5,,,,,36.469,0.5,,,,,,,,,,,142.7901,22.7466,206.9418,44.6784,72.1827,-35.7956,37.94,118.06,-89.42,29.682649127946505,0.0076032416432667,0.0062336296203682,0.5085476900627434,221.0,-162.32065208355516,123.25229278721514,85.4510282551593
175.42815674891148,17.0,241.4758931951348,70.96706695862672,1754p170,427649,1,36283.0,36487.0,0.0,7072.0,34.603,0.52,,,34.603,0.52,,,,,,,,,,,,,175.4301,17.0079,241.4596,70.9731,94.6563,-12.135,-5.46,67.1,-14.47,29.216230875662497,0.0162931951347786,0.0060330413732856,0.509263417769106,101.02857142857142,-96.30289415207353,7.697429369080422,29.551216623694142
139.7560975609756,31.5,194.1718647591023,43.93467015567896,1397p315,503609,1,1950024.0,1950024.0,0.0,29560.0,38.509,0.54,,,,,38.509,0.54,,,,,,,,,,,139.7472,31.4966,194.175,43.9267,62.4501,-31.5112,113.93,218.38,-151.01,29.928934814832346,0.0031352408977056,0.0079701556789615,0.5099209768238729,422.2857142857143,-274.80639700970886,232.66384264189037,220.62231296822145
